Entry Time,Exit Time,Entry Price,Exit Price,PnL,Return [%],Duration,Status
2022-01-02 06:00:00+00:00,2022-01-02 16:00:00+00:00,47104.82064,47316.799765,32.95480395427335,0.33,0 days 10:00:00,Closed
2022-01-14 15:00:00+00:00,2022-01-14 21:00:00+00:00,42997.377945,43079.38953000001,7.081205079440181,0.07,0 days 06:00:00,Closed
2022-01-27 00:00:00+00:00,2022-01-27 01:00:00+00:00,36825.643619999995,36985.927785,31.606180428306477,0.31,0 days 01:00:00,Closed
2022-01-27 03:00:00+00:00,2022-01-27 12:00:00+00:00,36026.694345,36661.64001,165.21415153455192,1.64,0 days 09:00:00,Closed
2022-02-02 09:00:00+00:00,2022-02-02 14:00:00+00:00,38466.72375,38342.429195000004,-45.314755874117694,-0.44,0 days 05:00:00,Closed
2022-02-02 16:00:00+00:00,2022-02-03 09:00:00+00:00,37448.494889999994,37059.121170000006,-118.06280034766607,-1.16,0 days 17:00:00,Closed
2022-02-03 11:00:00+00:00,2022-02-04 00:00:00+00:00,36397.019415,37293.324010000004,235.6887342195795,2.34,0 days 13:00:00,Closed
2022-02-08 21:00:00+00:00,2022-02-09 13:00:00+00:00,44294.085974999995,44119.499215,-52.948812209941906,-0.51,0 days 16:00:00,Closed
2022-02-16 11:00:00+00:00,2022-02-16 13:00:00+00:00,44133.665805,44010.96351000001,-40.7806607073112,-0.4,0 days 02:00:00,Closed
2022-02-16 15:00:00+00:00,2022-02-17 01:00:00+00:00,43511.95510499999,44038.719625000005,111.27066684395608,1.09,0 days 10:00:00,Closed
2022-02-26 13:00:00+00:00,2022-02-26 19:00:00+00:00,39012.27639,39079.600425000004,5.414954719826077,0.05,0 days 06:00:00,Closed
2022-02-27 09:00:00+00:00,2022-02-27 11:00:00+00:00,38826.603599999995,39350.145085000004,126.76110678413798,1.23,0 days 02:00:00,Closed
2022-03-02 15:00:00+00:00,2022-03-03 14:00:00+00:00,44841.799694999994,43965.36632,-216.7169763487229,-2.07,0 days 23:00:00,Closed
2022-03-10 15:00:00+00:00,2022-03-10 21:00:00+00:00,39303.031695,39592.303945,63.009223086997956,0.62,0 days 06:00:00,Closed
2022-03-23 15:00:00+00:00,2022-03-23 16:00:00+00:00,42414.00640499999,42596.870910000005,32.01784323949686,0.31,0 days 01:00:00,Closed
2022-03-26 02:00:00+00:00,2022-03-26 09:00:00+00:00,44317.18752,44476.7505,24.776993009039973,0.24,0 days 07:00:00,Closed
2022-04-05 00:00:00+00:00,2022-04-05 02:00:00+00:00,46603.79025,46608.91388500001,-11.289077935675607,-0.11,0 days 02:00:00,Closed
2022-05-05 08:00:00+00:00,2022-05-05 13:00:00+00:00,39608.644425,39484.20802,-44.892571187985645,-0.43,0 days 05:00:00,Closed
2022-05-05 15:00:00+00:00,2022-05-05 19:00:00+00:00,38228.114505,36368.636585,-513.0488108394255,-4.98,0 days 04:00:00,Closed
2022-05-05 21:00:00+00:00,2022-05-06 11:00:00+00:00,36484.67322,35926.847590000005,-161.28898118409194,-1.65,0 days 14:00:00,Closed
2022-05-06 13:00:00+00:00,2022-05-07 21:00:00+00:00,35844.13311,35767.79715500001,-32.03796922745416,-0.33,1 days 08:00:00,Closed
2022-05-07 23:00:00+00:00,2022-05-08 01:00:00+00:00,35063.593035,35089.46649,-4.437468853422777,-0.05,0 days 02:00:00,Closed
2022-05-08 03:00:00+00:00,2022-05-09 02:00:00+00:00,34593.04788,34036.5732,-165.66978805240706,-1.73,0 days 23:00:00,Closed
2022-05-09 04:00:00+00:00,2022-05-09 10:00:00+00:00,33579.931575,33484.92916,-37.9532452496489,-0.4,0 days 06:00:00,Closed
2022-05-09 12:00:00+00:00,2022-05-09 16:00:00+00:00,33138.87115499999,32325.359235,-241.53069559597316,-2.57,0 days 04:00:00,Closed
2022-05-09 18:00:00+00:00,2022-05-10 10:00:00+00:00,31283.73405,31381.981160000003,17.727513279054286,0.19,0 days 16:00:00,Closed
2022-05-18 00:00:00+00:00,2022-05-18 01:00:00+00:00,30460.152465,30486.319215000003,-3.128537767695785,-0.03,0 days 01:00:00,Closed
2022-05-26 04:00:00+00:00,2022-05-26 08:00:00+00:00,29852.078579999998,29718.843145000003,-51.84419673427109,-0.57,0 days 04:00:00,Closed
2022-05-26 10:00:00+00:00,2022-05-26 19:00:00+00:00,29208.25683,29590.407395000002,108.15424599977678,1.19,0 days 09:00:00,Closed
2022-06-25 19:00:00+00:00,2022-06-25 23:00:00+00:00,21247.45842,21420.60434,63.99155517932469,0.69,0 days 04:00:00,Closed
2022-06-27 07:00:00+00:00,2022-06-27 09:00:00+00:00,21278.223794999998,21479.065095,76.39673762813078,0.82,0 days 02:00:00,Closed
2022-07-05 19:00:00+00:00,2022-07-05 20:00:00+00:00,20127.548745,20388.010895,109.76643984078972,1.17,0 days 01:00:00,Closed
2022-07-08 15:00:00+00:00,2022-07-09 11:00:00+00:00,21779.974544999997,21725.022055,-35.225341605962086,-0.37,0 days 20:00:00,Closed
2022-07-16 12:00:00+00:00,2022-07-16 16:00:00+00:00,20626.998344999996,20932.54849,128.28793288111294,1.36,0 days 04:00:00,Closed
2022-07-18 02:00:00+00:00,2022-07-18 04:00:00+00:00,20989.359435,21271.9587,117.14406041193969,1.23,0 days 02:00:00,Closed
2022-07-19 11:00:00+00:00,2022-07-19 14:00:00+00:00,22013.011004999997,22306.471185000002,117.29561369133339,1.21,0 days 03:00:00,Closed
2022-07-21 19:00:00+00:00,2022-07-21 22:00:00+00:00,22943.78616,23196.386005000004,95.99507600664302,0.98,0 days 03:00:00,Closed
2022-07-31 18:00:00+00:00,2022-07-31 19:00:00+00:00,23749.869,23736.775675000004,-17.314383066122524,-0.18,0 days 01:00:00,Closed
2022-08-09 04:00:00+00:00,2022-08-09 09:00:00+00:00,23840.89449,23765.381365,-43.09227217887831,-0.44,0 days 05:00:00,Closed
2022-08-09 11:00:00+00:00,2022-08-10 00:00:00+00:00,23362.065195,23139.74434,-105.2647290343572,-1.07,0 days 13:00:00,Closed
2022-08-12 03:00:00+00:00,2022-08-12 21:00:00+00:00,24023.515754999997,24213.0874,65.01059322615747,0.67,0 days 18:00:00,Closed
2022-08-13 15:00:00+00:00,2022-08-14 06:00:00+00:00,24482.745254999998,24576.345680000002,25.652236041669916,0.26,0 days 15:00:00,Closed
2022-08-15 01:00:00+00:00,2022-08-15 03:00:00+00:00,24413.170485,24905.830855000004,186.14221518109355,1.9,0 days 02:00:00,Closed
2022-09-10 17:00:00+00:00,2022-09-10 23:00:00+00:00,21418.94412,21747.101010000002,141.1099918905116,1.41,0 days 06:00:00,Closed
2022-09-29 16:00:00+00:00,2022-09-30 00:00:00+00:00,19298.424389999996,19580.744730000002,136.09029096151795,1.34,0 days 08:00:00,Closed
2022-10-05 16:00:00+00:00,2022-10-06 01:00:00+00:00,20011.70085,20256.68659,113.39948994438119,1.1,0 days 09:00:00,Closed
2022-10-14 13:00:00+00:00,2022-10-14 15:00:00+00:00,19812.86148,19453.418425000003,-200.8470532590468,-1.93,0 days 02:00:00,Closed
2022-10-14 17:00:00+00:00,2022-10-15 08:00:00+00:00,19312.91163,19160.844785,-92.40668211902454,-0.91,0 days 15:00:00,Closed
2022-10-24 11:00:00+00:00,2022-10-24 14:00:00+00:00,19411.80105,19342.723800000003,-48.02427851919158,-0.48,0 days 03:00:00,Closed
2022-10-24 16:00:00+00:00,2022-10-25 14:00:00+00:00,19311.610979999998,19468.650805,69.60818235834563,0.69,0 days 22:00:00,Closed
2022-10-27 12:00:00+00:00,2022-10-27 20:00:00+00:00,20632.421055,20619.275205,-18.585060432223088,-0.18,0 days 08:00:00,Closed
2022-10-27 22:00:00+00:00,2022-10-28 15:00:00+00:00,20418.534165,20488.69053,22.561488297252453,0.22,0 days 17:00:00,Closed
2022-10-31 09:00:00+00:00,2022-10-31 11:00:00+00:00,20497.013385,20740.18472,107.87011361818053,1.07,0 days 02:00:00,Closed
2022-11-06 08:00:00+00:00,2022-11-06 16:00:00+00:00,21204.47694,21231.229075,0.6227071495743202,0.01,0 days 08:00:00,Closed
2022-11-24 16:00:00+00:00,2022-11-25 04:00:00+00:00,16567.289504999997,16477.207275,-67.87193060618715,-0.66,0 days 12:00:00,Closed
2022-11-25 06:00:00+00:00,2022-11-25 15:00:00+00:00,16371.611715,16530.620555,86.45259379143363,0.85,0 days 09:00:00,Closed
2022-11-26 17:00:00+00:00,2022-11-27 05:00:00+00:00,16516.003875,16557.41715,13.385227651330744,0.13,0 days 12:00:00,Closed
2022-11-30 14:00:00+00:00,2022-11-30 20:00:00+00:00,16818.525059999996,17052.60943,130.4381639914712,1.27,0 days 06:00:00,Closed
2022-12-01 18:00:00+00:00,2022-12-02 12:00:00+00:00,16976.153834999997,16988.42154,-4.965714529610888,-0.05,0 days 18:00:00,Closed
2022-12-04 01:00:00+00:00,2022-12-04 09:00:00+00:00,16957.03428,17003.59395,16.040261263062984,0.15,0 days 08:00:00,Closed
2022-12-10 00:00:00+00:00,2022-12-10 07:00:00+00:00,17137.12428,17138.60641,-11.585704994256556,-0.11,0 days 07:00:00,Closed
2022-12-26 23:00:00+00:00,2022-12-27 00:00:00+00:00,16847.11935,16910.930305,26.868704905482517,0.26,0 days 01:00:00,Closed
2023-01-03 21:00:00+00:00,2023-01-04 03:00:00+00:00,16669.700685,16728.15174,24.00970614501469,0.23,0 days 06:00:00,Closed
2023-01-05 06:00:00+00:00,2023-01-06 11:00:00+00:00,16852.54206,16758.766425,-70.6094560696782,-0.68,1 days 05:00:00,Closed
2023-01-06 13:00:00+00:00,2023-01-06 20:00:00+00:00,16739.015325,16931.939795000002,107.03253539678335,1.03,0 days 07:00:00,Closed
2023-01-07 13:00:00+00:00,2023-01-07 21:00:00+00:00,16924.59807,16936.96728,-4.921286787383704,-0.05,0 days 08:00:00,Closed
2023-01-10 05:00:00+00:00,2023-01-10 10:00:00+00:00,17230.661024999998,17239.086145,-7.4511400775785335,-0.07,0 days 05:00:00,Closed
2023-01-11 18:00:00+00:00,2023-01-11 20:00:00+00:00,17390.741025,17540.84519,77.73229341299886,0.74,0 days 02:00:00,Closed
2023-01-14 12:00:00+00:00,2023-01-14 20:00:00+00:00,20731.390515,20773.28816,8.644524730690136,0.08,0 days 08:00:00,Closed
2023-01-15 10:00:00+00:00,2023-01-15 18:00:00+00:00,20759.314469999998,20911.01926,64.41405997728961,0.61,0 days 08:00:00,Closed
2023-01-16 15:00:00+00:00,2023-01-16 19:00:00+00:00,20871.11034,21271.31902,190.74186164653904,1.8,0 days 04:00:00,Closed
2023-01-22 05:00:00+00:00,2023-01-22 13:00:00+00:00,22858.733655,22858.12522,-13.258070737428167,-0.12,0 days 08:00:00,Closed
2023-01-26 09:00:00+00:00,2023-01-26 21:00:00+00:00,23014.611555,23099.42451,26.804966684156355,0.25,0 days 12:00:00,Closed
2023-01-27 05:00:00+00:00,2023-01-27 12:00:00+00:00,22813.701149999997,22955.99626,54.47442480425615,0.5,0 days 07:00:00,Closed
2023-01-28 16:00:00+00:00,2023-01-29 01:00:00+00:00,23023.526009999998,23101.393525000003,23.711955485656652,0.22,0 days 09:00:00,Closed
2023-02-01 19:00:00+00:00,2023-02-01 20:00:00+00:00,23087.067764999996,23374.297005000004,122.45218799125522,1.12,0 days 01:00:00,Closed
2023-02-02 12:00:00+00:00,2023-02-02 21:00:00+00:00,23832.400245,23860.82362,-0.08906158196564196,-0.0,0 days 09:00:00,Closed
2023-02-02 23:00:00+00:00,2023-02-04 14:00:00+00:00,23568.47835,23491.998125000002,-48.97492277287095,-0.44,1 days 15:00:00,Closed
2023-02-15 09:00:00+00:00,2023-02-15 12:00:00+00:00,22105.667309999997,22433.05786,149.25881529615123,1.36,0 days 03:00:00,Closed
2023-02-16 16:00:00+00:00,2023-02-16 19:00:00+00:00,25085.206334999995,24958.284615,-69.59189926675685,-0.63,0 days 03:00:00,Closed
2023-02-17 14:00:00+00:00,2023-02-17 16:00:00+00:00,23795.01156,24118.43475,136.88458643517936,1.24,0 days 02:00:00,Closed
2023-02-20 09:00:00+00:00,2023-02-20 10:00:00+00:00,24471.36957,24870.118720000002,168.8017256799023,1.51,0 days 01:00:00,Closed
2023-03-01 22:00:00+00:00,2023-03-03 00:00:00+00:00,23565.716969999998,23453.587340000002,-67.64598704773293,-0.6,1 days 02:00:00,Closed
2023-03-19 12:00:00+00:00,2023-03-19 16:00:00+00:00,27175.911165,27532.846690000002,134.66465364589592,1.19,0 days 04:00:00,Closed
2023-03-20 07:00:00+00:00,2023-03-20 13:00:00+00:00,27643.584885,28209.378255000003,220.00769603676736,1.93,0 days 06:00:00,Closed
2023-03-31 01:00:00+00:00,2023-03-31 04:00:00+00:00,28263.30459,28154.325795,-58.8522916021174,-0.51,0 days 03:00:00,Closed
2023-03-31 13:00:00+00:00,2023-03-31 16:00:00+00:00,28124.425184999996,28480.752500000002,132.8106762096362,1.15,0 days 03:00:00,Closed
2023-04-01 13:00:00+00:00,2023-04-02 15:00:00+00:00,28437.09144,28258.96345,-87.43098651240938,-0.75,1 days 02:00:00,Closed
2023-04-02 17:00:00+00:00,2023-04-02 19:00:00+00:00,28136.030985,28142.891515000003,-11.124127902548679,-0.1,0 days 02:00:00,Closed
2023-04-02 21:00:00+00:00,2023-04-03 01:00:00+00:00,28072.779375,28100.572685000003,-2.4468351021660952,-0.02,0 days 04:00:00,Closed
2023-04-03 03:00:00+00:00,2023-04-03 12:00:00+00:00,27732.949545,28239.603135,198.19336515229094,1.71,0 days 09:00:00,Closed
2023-04-05 12:00:00+00:00,2023-04-05 14:00:00+00:00,28568.647184999998,28390.367715,-87.87758615072951,-0.74,0 days 02:00:00,Closed
2023-04-05 16:00:00+00:00,2023-04-07 01:00:00+00:00,28045.105545,28083.941005000004,2.157189181249656,0.02,1 days 09:00:00,Closed
2023-04-10 09:00:00+00:00,2023-04-10 16:00:00+00:00,28309.317584999997,28425.170305,33.902275441821764,0.29,0 days 07:00:00,Closed
2023-04-12 05:00:00+00:00,2023-04-12 13:00:00+00:00,29993.579295000003,30142.011455000003,44.069843740181696,0.37,0 days 08:00:00,Closed
2023-04-13 01:00:00+00:00,2023-04-13 06:00:00+00:00,29999.692349999998,30090.027460000005,21.367300665929417,0.18,0 days 05:00:00,Closed
2023-04-16 19:00:00+00:00,2023-04-17 00:00:00+00:00,30493.669214999998,30289.507670000003,-93.35632170177747,-0.79,0 days 05:00:00,Closed
2023-04-17 02:00:00+00:00,2023-04-17 11:00:00+00:00,29961.19311,29869.727665,-49.894190437139315,-0.43,0 days 09:00:00,Closed
2023-04-17 13:00:00+00:00,2023-04-18 07:00:00+00:00,29544.62493,29706.11951,49.821049248451914,0.43,0 days 18:00:00,Closed
2023-04-27 01:00:00+00:00,2023-04-27 06:00:00+00:00,29240.15277,29068.57844,-82.91352491600766,-0.71,0 days 05:00:00,Closed
2023-04-30 08:00:00+00:00,2023-04-30 11:00:00+00:00,29281.063215,29207.30904,-43.32246043504486,-0.37,0 days 03:00:00,Closed
2023-05-05 00:00:00+00:00,2023-05-05 02:00:00+00:00,28852.57908,29311.087125000002,170.46988032761274,1.47,0 days 02:00:00,Closed
2023-05-05 14:00:00+00:00,2023-05-05 17:00:00+00:00,29190.157785,29572.14653,139.94231938826675,1.19,0 days 03:00:00,Closed
2023-05-23 02:00:00+00:00,2023-05-23 03:00:00+00:00,27008.477489999997,27114.845795,32.615837805449544,0.27,0 days 01:00:00,Closed
2023-05-27 21:00:00+00:00,2023-05-28 00:00:00+00:00,26764.89576,26840.85286,19.559111165700603,0.16,0 days 03:00:00,Closed
2023-05-29 14:00:00+00:00,2023-05-30 02:00:00+00:00,27917.071559999997,27752.146985,-85.05956294742707,-0.71,0 days 12:00:00,Closed
2023-06-17 19:00:00+00:00,2023-06-18 19:00:00+00:00,26534.700719999997,26607.559565,18.357242570402676,0.15,1 days 00:00:00,Closed
2023-06-19 12:00:00+00:00,2023-06-19 14:00:00+00:00,26460.953865,26521.902415,13.120581473655719,0.11,0 days 02:00:00,Closed
2023-06-20 12:00:00+00:00,2023-06-20 16:00:00+00:00,26921.443995,27058.40403,46.300321076115765,0.39,0 days 04:00:00,Closed
2023-06-22 16:00:00+00:00,2023-06-23 10:00:00+00:00,29865.575325,30130.137395,91.577176934749,0.77,0 days 18:00:00,Closed
2023-06-24 03:00:00+00:00,2023-06-24 11:00:00+00:00,30771.988305,30724.620005000004,-33.018424563581746,-0.27,0 days 08:00:00,Closed
2023-06-26 07:00:00+00:00,2023-06-26 14:00:00+00:00,30499.211984999998,30623.82043,34.66883674003675,0.29,0 days 07:00:00,Closed
2023-06-30 02:00:00+00:00,2023-06-30 05:00:00+00:00,30399.73227,30862.551005000005,169.0129425400697,1.4,0 days 03:00:00,Closed
2023-06-30 23:00:00+00:00,2023-07-01 00:00:00+00:00,30491.91834,30456.754005000003,-28.767093278302962,-0.24,0 days 01:00:00,Closed
2023-07-02 22:00:00+00:00,2023-07-03 02:00:00+00:00,30572.718719999997,30645.529570000002,14.396849566799002,0.12,0 days 04:00:00,Closed
2023-07-03 15:00:00+00:00,2023-07-03 16:00:00+00:00,30751.648139999994,31053.10568,105.00248595957837,0.86,0 days 01:00:00,Closed
2023-07-13 09:00:00+00:00,2023-07-13 10:00:00+00:00,30427.195995,30561.39166,39.51506152405862,0.32,0 days 01:00:00,Closed
2023-07-14 12:00:00+00:00,2023-07-14 17:00:00+00:00,31225.18479,31198.383005000003,-25.430904431960204,-0.21,0 days 05:00:00,Closed
2023-07-14 19:00:00+00:00,2023-07-15 05:00:00+00:00,30106.865909999997,30280.842005000002,56.42414997527587,0.46,0 days 10:00:00,Closed
2023-08-09 08:00:00+00:00,2023-08-09 13:00:00+00:00,29832.919004999996,30061.291835000004,79.91569039160485,0.65,0 days 05:00:00,Closed
2023-08-10 01:00:00+00:00,2023-08-10 06:00:00+00:00,29634.809999999998,29571.057075,-41.77107065425289,-0.33,0 days 05:00:00,Closed
2023-08-29 14:00:00+00:00,2023-08-29 15:00:00+00:00,26065.025999999998,27478.283985000002,658.494436251644,5.3,0 days 01:00:00,Closed
2023-08-30 07:00:00+00:00,2023-08-30 14:00:00+00:00,27395.901104999997,27362.381965,-31.702863918073852,-0.24,0 days 07:00:00,Closed
2023-08-30 16:00:00+00:00,2023-08-31 12:00:00+00:00,27215.230815,27290.298025000004,20.319656962313942,0.16,0 days 20:00:00,Closed
2023-09-13 01:00:00+00:00,2023-09-13 10:00:00+00:00,25932.47976,26141.90251,89.8292893141117,0.69,0 days 09:00:00,Closed
2023-09-15 02:00:00+00:00,2023-09-15 11:00:00+00:00,26515.91133,26626.320180000002,38.9827775379678,0.3,0 days 09:00:00,Closed
2023-09-15 18:00:00+00:00,2023-09-15 23:00:00+00:00,26351.679254999995,26762.93184,190.07875260879106,1.44,0 days 05:00:00,Closed
2023-09-16 10:00:00+00:00,2023-09-16 18:00:00+00:00,26514.69072,26553.69651,3.618947180675031,0.03,0 days 08:00:00,Closed
2023-09-18 02:00:00+00:00,2023-09-18 03:00:00+00:00,26475.861315,26649.78844,71.8755230637253,0.54,0 days 01:00:00,Closed
2023-09-19 03:00:00+00:00,2023-09-19 10:00:00+00:00,26834.99079,27275.305525000003,204.69374288935356,1.52,0 days 07:00:00,Closed
2023-10-01 22:00:00+00:00,2023-10-01 23:00:00+00:00,27193.97019,27982.431785,379.7808237781314,2.78,0 days 01:00:00,Closed
2023-10-07 09:00:00+00:00,2023-10-07 13:00:00+00:00,28020.613305,27945.010505000002,-54.75450948533608,-0.39,0 days 04:00:00,Closed
2023-10-07 21:00:00+00:00,2023-10-08 02:00:00+00:00,27939.512775,28002.27186,14.6260234232259,0.1,0 days 05:00:00,Closed
2023-10-08 14:00:00+00:00,2023-10-08 21:00:00+00:00,27924.705374999998,27890.087980000004,-34.17457057708453,-0.24,0 days 07:00:00,Closed
2023-10-17 06:00:00+00:00,2023-10-17 11:00:00+00:00,28234.550219999997,28491.876935000004,110.54389550680351,0.79,0 days 05:00:00,Closed
2023-10-18 17:00:00+00:00,2023-10-19 01:00:00+00:00,28363.404615,28374.275765000002,-11.509560301566754,-0.08,0 days 08:00:00,Closed
2023-10-22 06:00:00+00:00,2023-10-22 07:00:00+00:00,30129.57726,30063.460750000002,-47.76438952779866,-0.34,0 days 01:00:00,Closed
2023-10-22 09:00:00+00:00,2023-10-23 01:00:00+00:00,29847.006045,30104.949995,104.3356486787994,0.74,0 days 16:00:00,Closed
2023-10-24 22:00:00+00:00,2023-10-25 02:00:00+00:00,34142.732834999995,34178.82204,-2.0299149844407065,-0.01,0 days 04:00:00,Closed
2023-10-28 02:00:00+00:00,2023-10-28 04:00:00+00:00,33933.048044999996,34042.960005,28.787782126831583,0.2,0 days 02:00:00,Closed
2023-10-29 03:00:00+00:00,2023-10-29 12:00:00+00:00,34049.2161,34236.683095,60.923906720385915,0.43,0 days 09:00:00,Closed
2023-11-05 17:00:00+00:00,2023-11-05 21:00:00+00:00,34972.06729499999,34997.022735,-6.923501693536682,-0.05,0 days 04:00:00,Closed
2023-11-05 23:00:00+00:00,2023-11-06 12:00:00+00:00,34988.895705,35214.833775,74.67503616336117,0.53,0 days 13:00:00,Closed
2023-11-07 18:00:00+00:00,2023-11-07 19:00:00+00:00,34867.424999999996,35359.3115,184.3099387539294,1.29,0 days 01:00:00,Closed
2023-11-08 08:00:00+00:00,2023-11-08 20:00:00+00:00,35244.003195,35604.189,130.45483417013614,0.9,0 days 12:00:00,Closed
2023-11-10 02:00:00+00:00,2023-11-10 03:00:00+00:00,36701.771714999995,36839.67095,37.31226577192827,0.26,0 days 01:00:00,Closed
2023-11-16 12:00:00+00:00,2023-11-16 14:00:00+00:00,37266.113744999995,36751.615000000005,-219.5782672832217,-1.5,0 days 02:00:00,Closed
2023-11-16 16:00:00+00:00,2023-11-16 19:00:00+00:00,36424.203,36217.472205,-99.10633916571888,-0.69,0 days 03:00:00,Closed
2023-11-16 21:00:00+00:00,2023-11-17 06:00:00+00:00,35972.997509999994,36337.392215,127.80563971123476,0.89,0 days 09:00:00,Closed
2023-11-23 08:00:00+00:00,2023-11-23 15:00:00+00:00,37387.90461,37185.49795,-95.52055780238861,-0.66,0 days 07:00:00,Closed
2023-11-23 17:00:00+00:00,2023-11-24 02:00:00+00:00,37102.542,37377.272015,89.00023610071177,0.62,0 days 09:00:00,Closed
2023-11-25 13:00:00+00:00,2023-11-25 21:00:00+00:00,37740.570855,37770.095505,-6.039721625456416,-0.04,0 days 08:00:00,Closed
2023-11-26 22:00:00+00:00,2023-11-27 02:00:00+00:00,37635.24822,37470.345454999995,-80.54584426173705,-0.56,0 days 04:00:00,Closed
2023-11-27 04:00:00+00:00,2023-11-27 10:00:00+00:00,37327.91463,37352.414450000004,-7.8109157704032075,-0.05,0 days 06:00:00,Closed
2023-11-27 12:00:00+00:00,2023-11-28 01:00:00+00:00,37054.46797499999,37239.510930000004,54.39470711952475,0.38,0 days 13:00:00,Closed
2023-11-30 03:00:00+00:00,2023-11-30 08:00:00+00:00,37894.97802,37774.083510000004,-63.20719132705493,-0.44,0 days 05:00:00,Closed
2023-11-30 10:00:00+00:00,2023-12-01 02:00:00+00:00,37732.386764999996,37927.036995,56.72454064003196,0.4,0 days 16:00:00,Closed
2023-12-05 09:00:00+00:00,2023-12-05 17:00:00+00:00,41634.92706,42693.812415,348.65663431413066,2.42,0 days 08:00:00,Closed
2023-12-06 10:00:00+00:00,2023-12-06 14:00:00+00:00,43896.317189999994,44073.00247500001,41.62106966034249,0.28,0 days 04:00:00,Closed
2023-12-08 11:00:00+00:00,2023-12-08 15:00:00+00:00,43371.664995,43941.008505,176.24949318068576,1.19,0 days 04:00:00,Closed
2023-12-09 13:00:00+00:00,2023-12-10 09:00:00+00:00,43921.95,43753.622245000006,-75.26661978776839,-0.5,0 days 20:00:00,Closed
2023-12-10 11:00:00+00:00,2023-12-10 20:00:00+00:00,43721.860005,43775.20145,0.28712475863710907,0.0,0 days 09:00:00,Closed
2023-12-15 09:00:00+00:00,2023-12-15 13:00:00+00:00,42892.01529,42583.817440000006,-124.78005909073138,-0.84,0 days 04:00:00,Closed
2023-12-15 15:00:00+00:00,2023-12-16 03:00:00+00:00,42202.200554999996,42127.815555,-43.722574514660536,-0.3,0 days 12:00:00,Closed
2024-01-08 06:00:00+00:00,2024-01-08 12:00:00+00:00,43663.560869999994,44613.682,302.4480311964003,2.05,0 days 06:00:00,Closed
2024-01-11 10:00:00+00:00,2024-01-11 13:00:00+00:00,46243.23006,47425.91518,365.9375892402002,2.44,0 days 03:00:00,Closed
2024-01-27 10:00:00+00:00,2024-01-27 19:00:00+00:00,41690.624895,41776.721190000004,13.293288123633717,0.09,0 days 09:00:00,Closed
2024-01-28 17:00:00+00:00,2024-01-28 19:00:00+00:00,42333.506174999995,41950.684165,-157.66985682369406,-1.02,0 days 02:00:00,Closed
2024-01-28 21:00:00+00:00,2024-01-29 06:00:00+00:00,41966.06254499999,42123.15788500001,38.735969222069784,0.25,0 days 09:00:00,Closed
2024-01-31 15:00:00+00:00,2024-01-31 18:00:00+00:00,42903.52104,43693.18248,262.7698644228987,1.72,0 days 03:00:00,Closed
2024-02-03 10:00:00+00:00,2024-02-03 18:00:00+00:00,43113.66606,43208.385,15.47707238415612,0.1,0 days 08:00:00,Closed
2024-02-04 11:00:00+00:00,2024-02-04 18:00:00+00:00,42965.471999999994,42877.990280000005,-50.33560568350156,-0.32,0 days 07:00:00,Closed
2024-02-04 20:00:00+00:00,2024-02-04 22:00:00+00:00,42657.748215,42758.58001500001,18.0276050834346,0.12,0 days 02:00:00,Closed
2024-02-05 00:00:00+00:00,2024-02-05 09:00:00+00:00,42604.17144,43012.013235,129.92403215941061,0.84,0 days 09:00:00,Closed
2024-02-11 15:00:00+00:00,2024-02-12 01:00:00+00:00,48258.667275,48579.707995000004,85.31199724010295,0.54,0 days 10:00:00,Closed
2024-02-13 21:00:00+00:00,2024-02-14 01:00:00+00:00,49424.0997,49458.058600000004,-8.08126719510843,-0.05,0 days 04:00:00,Closed
2024-02-17 21:00:00+00:00,2024-02-18 01:00:00+00:00,51539.767005,51651.10153000001,15.08788875522972,0.1,0 days 04:00:00,Closed
2024-02-25 19:00:00+00:00,2024-02-26 07:00:00+00:00,51605.779995,51495.319460000006,-52.59258080165367,-0.33,0 days 12:00:00,Closed
2024-02-26 09:00:00+00:00,2024-02-26 15:00:00+00:00,51275.78508,51661.186485,99.07890981427447,0.63,0 days 06:00:00,Closed
2024-02-29 20:00:00+00:00,2024-03-01 10:00:00+00:00,61630.78999499999,62098.075430000004,100.74216446646477,0.64,0 days 14:00:00,Closed
2024-03-06 05:00:00+00:00,2024-03-06 06:00:00+00:00,64640.273985,66373.5966,406.9512394790557,2.56,0 days 01:00:00,Closed
2024-03-11 07:00:00+00:00,2024-03-11 08:00:00+00:00,69354.44989499998,70984.480005,363.39591670164026,2.23,0 days 01:00:00,Closed
2024-03-26 23:00:00+00:00,2024-03-27 06:00:00+00:00,70284.334605,70439.82247,16.84952350944923,0.1,0 days 07:00:00,Closed
2024-03-29 02:00:00+00:00,2024-03-29 07:00:00+00:00,70825.405005,70402.790995,-119.5141782447478,-0.72,0 days 05:00:00,Closed
2024-03-29 09:00:00+00:00,2024-03-30 02:00:00+00:00,69967.9665,69941.09196,-26.23605241847533,-0.16,0 days 17:00:00,Closed
2024-04-05 14:00:00+00:00,2024-04-05 16:00:00+00:00,67533.76000499999,68156.52469,132.5712405600096,0.8,0 days 02:00:00,Closed
2024-04-08 23:00:00+00:00,2024-04-09 06:00:00+00:00,71952.03804,71020.46200500001,-235.71564617518797,-1.41,0 days 07:00:00,Closed
2024-04-09 08:00:00+00:00,2024-04-09 14:00:00+00:00,70419.17198999999,69893.03600000001,-142.4443858714505,-0.87,0 days 06:00:00,Closed
2024-04-09 16:00:00+00:00,2024-04-10 23:00:00+00:00,69298.632,70492.736,261.0274042749062,1.6,1 days 07:00:00,Closed
2024-04-19 08:00:00+00:00,2024-04-19 11:00:00+00:00,64579.45359,64745.31115,22.62452807453861,0.14,0 days 03:00:00,Closed
2024-04-20 15:00:00+00:00,2024-04-20 16:00:00+00:00,63967.29766499999,64775.945825,189.53427140095505,1.14,0 days 01:00:00,Closed
2024-04-23 13:00:00+00:00,2024-04-23 15:00:00+00:00,66167.977455,66876.33510499999,159.25862983151174,0.95,0 days 02:00:00,Closed
2024-05-05 07:00:00+00:00,2024-05-05 12:00:00+00:00,63414.521414999996,63827.700185,89.89882568846532,0.53,0 days 05:00:00,Closed
2024-05-07 08:00:00+00:00,2024-05-07 10:00:00+00:00,63701.52484499999,64087.92001000001,82.72721188700515,0.49,0 days 02:00:00,Closed
2024-05-17 01:00:00+00:00,2024-05-17 04:00:00+00:00,65541.45435,65551.737735,-17.83600715040886,-0.1,0 days 03:00:00,Closed
2024-05-20 04:00:00+00:00,2024-05-20 06:00:00+00:00,66708.547605,67102.79182,80.38375610992105,0.47,0 days 02:00:00,Closed
2024-05-21 23:00:00+00:00,2024-05-22 06:00:00+00:00,70257.321105,69863.17094,-116.80337055885329,-0.68,0 days 07:00:00,Closed
2024-05-27 01:00:00+00:00,2024-05-27 05:00:00+00:00,68856.13085999999,68735.615,-50.26406869401069,-0.29,0 days 04:00:00,Closed
2024-05-27 07:00:00+00:00,2024-05-27 15:00:00+00:00,68427.42661499999,69465.25,237.18306688121925,1.4,0 days 08:00:00,Closed
2024-06-03 00:00:00+00:00,2024-06-03 04:00:00+00:00,67799.50280999999,68348.6086,118.7858651572946,0.69,0 days 04:00:00,Closed
2024-06-06 11:00:00+00:00,2024-06-06 15:00:00+00:00,71023.504005,71428.82772,78.12971897738333,0.45,0 days 04:00:00,Closed
2024-07-01 15:00:00+00:00,2024-07-01 19:00:00+00:00,62857.43301,63618.165005,189.86976699887518,1.09,0 days 04:00:00,Closed
2024-07-02 06:00:00+00:00,2024-07-02 14:00:00+00:00,63055.511999999995,62595.60654,-149.55244697424476,-0.85,0 days 08:00:00,Closed
2024-07-02 16:00:00+00:00,2024-07-03 02:00:00+00:00,61979.054039999995,61587.09105,-131.3586786585851,-0.75,0 days 10:00:00,Closed
2024-07-03 04:00:00+00:00,2024-07-03 12:00:00+00:00,61018.494,60355.81699500001,-208.96225401428921,-1.21,0 days 08:00:00,Closed
2024-07-03 14:00:00+00:00,2024-07-03 20:00:00+00:00,60620.295000000006,59641.274445,-296.9888991422848,-1.73,0 days 06:00:00,Closed
2024-07-03 22:00:00+00:00,2024-07-04 01:00:00+00:00,60277.70379000001,60399.794995000004,13.872538701968908,0.08,0 days 03:00:00,Closed
2024-07-04 03:00:00+00:00,2024-07-04 07:00:00+00:00,59001.616064999995,58766.602000000006,-87.26569303187574,-0.52,0 days 04:00:00,Closed
2024-07-04 09:00:00+00:00,2024-07-04 22:00:00+00:00,57717.304229999994,58464.753000000004,196.7658996368812,1.17,0 days 13:00:00,Closed
2024-07-11 01:00:00+00:00,2024-07-11 02:00:00+00:00,57657.704444999996,58251.209825000005,154.06386630035388,0.91,0 days 01:00:00,Closed
2024-07-12 13:00:00+00:00,2024-07-12 14:00:00+00:00,57410.981145000005,57821.2749,101.65820544483056,0.59,0 days 01:00:00,Closed
2024-07-16 12:00:00+00:00,2024-07-16 16:00:00+00:00,63777.983055,64845.80088,267.30347669282594,1.55,0 days 04:00:00,Closed
2024-07-17 14:00:00+00:00,2024-07-17 23:00:00+00:00,65174.520975,64237.05540500001,-272.19756057473046,-1.56,0 days 09:00:00,Closed
2024-07-18 01:00:00+00:00,2024-07-18 03:00:00+00:00,64475.75176499999,64668.98933,30.886009849118217,0.18,0 days 02:00:00,Closed
2024-07-20 07:00:00+00:00,2024-07-20 16:00:00+00:00,66659.07287999999,66791.57750500001,13.55715897232461,0.08,0 days 09:00:00,Closed
2024-07-21 14:00:00+00:00,2024-07-21 17:00:00+00:00,66793.390005,67520.21300500001,166.88264817601757,0.97,0 days 03:00:00,Closed
2024-07-22 19:00:00+00:00,2024-07-23 01:00:00+00:00,67479.212745,67456.264995,-26.817406635572176,-0.15,0 days 06:00:00,Closed
2024-08-09 10:00:00+00:00,2024-08-10 02:00:00+00:00,60790.38,60433.777995000004,-122.80825191895718,-0.71,0 days 16:00:00,Closed
2024-08-10 07:00:00+00:00,2024-08-10 12:00:00+00:00,60488.239004999996,60890.41956,94.0111763014991,0.54,0 days 05:00:00,Closed
2024-08-13 16:00:00+00:00,2024-08-13 17:00:00+00:00,59501.986124999996,61127.0212,452.99087372712063,2.61,0 days 01:00:00,Closed
2024-08-20 20:00:00+00:00,2024-08-21 03:00:00+00:00,59541.755999999994,59333.638340000005,-83.59826306969302,-0.47,0 days 07:00:00,Closed
2024-08-23 05:00:00+00:00,2024-08-23 06:00:00+00:00,60737.87375999999,60825.83187,4.3842072533318746,0.02,0 days 01:00:00,Closed
2024-08-25 13:00:00+00:00,2024-08-25 18:00:00+00:00,63955.951994999996,64108.929500000006,21.111306370734827,0.12,0 days 05:00:00,Closed
2024-09-11 15:00:00+00:00,2024-09-12 00:00:00+00:00,56001.986999999994,57309.331000000006,392.9169735427596,2.21,0 days 09:00:00,Closed
2024-09-12 16:00:00+00:00,2024-09-13 16:00:00+00:00,57540.786015000005,59636.17699500001,638.6690967047612,3.52,1 days 00:00:00,Closed
2024-09-14 10:00:00+00:00,2024-09-14 22:00:00+00:00,60100.23509999999,60005.991995000004,-51.982273946229775,-0.28,0 days 12:00:00,Closed
2024-09-18 03:00:00+00:00,2024-09-18 09:00:00+00:00,60382.176,60167.95097500001,-88.90332611679297,-0.47,0 days 06:00:00,Closed
2024-09-18 11:00:00+00:00,2024-09-18 23:00:00+00:00,59937.45374999999,60654.43761,200.52351021575174,1.08,0 days 12:00:00,Closed
2024-09-28 15:00:00+00:00,2024-09-29 00:00:00+00:00,65753.590365,65825.07100000001,-2.1399235814998647,-0.01,0 days 09:00:00,Closed
2024-10-07 13:00:00+00:00,2024-10-07 18:00:00+00:00,62914.76166,63788.090000000004,238.7924555192407,1.27,0 days 05:00:00,Closed
2024-10-07 20:00:00+00:00,2024-10-07 23:00:00+00:00,63413.680994999995,62439.84446000001,-315.7552033577417,-1.65,0 days 03:00:00,Closed
2024-10-08 01:00:00+00:00,2024-10-09 13:00:00+00:00,62584.25649,61949.01,-212.88452655892956,-1.13,1 days 12:00:00,Closed
2024-10-09 15:00:00+00:00,2024-10-09 17:00:00+00:00,61903.92649499999,61783.10299500001,-58.45416253509941,-0.32,0 days 02:00:00,Closed
2024-10-09 19:00:00+00:00,2024-10-09 20:00:00+00:00,61226.598,61001.474005000004,-90.1565072788687,-0.49,0 days 01:00:00,Closed
2024-10-09 22:00:00+00:00,2024-10-10 07:00:00+00:00,60932.461005,61113.28807,32.50056420502001,0.18,0 days 09:00:00,Closed
2024-10-13 17:00:00+00:00,2024-10-14 03:00:00+00:00,62660.424555,62582.69300000001,-44.982615664685554,-0.24,0 days 10:00:00,Closed
2024-10-17 15:00:00+00:00,2024-10-17 19:00:00+00:00,67157.3619,66904.540995,-91.26861403227599,-0.5,0 days 04:00:00,Closed
2024-10-17 21:00:00+00:00,2024-10-18 03:00:00+00:00,66973.47,68069.948,277.4800919177194,1.52,0 days 06:00:00,Closed
2024-10-19 06:00:00+00:00,2024-10-20 00:00:00+00:00,68424.205005,68343.80100500002,-44.111949055722036,-0.24,0 days 18:00:00,Closed
2024-10-25 10:00:00+00:00,2024-10-25 15:00:00+00:00,67871.20864499999,68277.14435,88.54517593991625,0.48,0 days 05:00:00,Closed
2024-10-30 06:00:00+00:00,2024-10-31 11:00:00+00:00,72534.249,72602.96036,-4.716636530699374,-0.03,1 days 05:00:00,Closed
2024-11-07 09:00:00+00:00,2024-11-07 16:00:00+00:00,75187.56499500001,76021.65015999999,184.0715024231888,0.99,0 days 07:00:00,Closed
2024-11-08 06:00:00+00:00,2024-11-10 01:00:00+00:00,76013.30766,76845.567995,183.17472548554625,0.97,1 days 19:00:00,Closed
2024-11-12 18:00:00+00:00,2024-11-12 21:00:00+00:00,87009.553035,89427.273995,504.4360786387353,2.66,0 days 03:00:00,Closed
2024-11-13 13:00:00+00:00,2024-11-13 14:00:00+00:00,87670.76347499999,89107.424,295.7905590307543,1.52,0 days 01:00:00,Closed
2024-11-18 05:00:00+00:00,2024-11-18 07:00:00+00:00,90486.52064999999,92015.80908,310.4351753832174,1.57,0 days 02:00:00,Closed
2024-11-22 16:00:00+00:00,2024-11-23 00:00:00+00:00,98713.321995,98842.554,2.1778868028172287,0.01,0 days 08:00:00,Closed
2024-11-24 02:00:00+00:00,2024-11-24 03:00:00+00:00,98231.49119999999,98341.46467000002,-1.6306478305440688,-0.01,0 days 01:00:00,Closed
2024-11-24 22:00:00+00:00,2024-11-25 02:00:00+00:00,97023.37744499999,97156.61739,3.465540316792584,0.02,0 days 04:00:00,Closed
2024-11-28 20:00:00+00:00,2024-11-29 02:00:00+00:00,95167.03974,95872.049995,124.68831577011959,0.62,0 days 06:00:00,Closed
2024-11-30 05:00:00+00:00,2024-11-30 10:00:00+00:00,96728.52008999999,96731.59001,-23.626941184609468,-0.12,0 days 05:00:00,Closed
2024-11-30 12:00:00+00:00,2024-11-30 21:00:00+00:00,96316.123995,96919.50600500002,102.22928897588527,0.51,0 days 09:00:00,Closed
2024-12-01 08:00:00+00:00,2024-12-01 12:00:00+00:00,96521.206485,97060.335555,88.96944679075338,0.44,0 days 04:00:00,Closed
2024-12-02 15:00:00+00:00,2024-12-02 17:00:00+00:00,96369.430635,96119.36627500001,-77.34960730722662,-0.38,0 days 02:00:00,Closed
2024-12-02 19:00:00+00:00,2024-12-03 04:00:00+00:00,95693.953065,96031.32032,47.19648472453648,0.23,0 days 09:00:00,Closed
2024-12-04 20:00:00+00:00,2024-12-04 21:00:00+00:00,97258.24481999999,98698.58602000002,276.9211995631037,1.36,0 days 01:00:00,Closed
2024-12-08 13:00:00+00:00,2024-12-08 20:00:00+00:00,99972.451245,100050.93950500002,-8.57235201429801,-0.04,0 days 07:00:00,Closed
2024-12-14 15:00:00+00:00,2024-12-14 18:00:00+00:00,101485.01715,100937.515995,-135.98062631418006,-0.66,0 days 03:00:00,Closed
2024-12-14 20:00:00+00:00,2024-12-15 05:00:00+00:00,101364.19677,102314.986915,167.51860485250052,0.82,0 days 09:00:00,Closed
2024-12-16 13:00:00+00:00,2024-12-16 16:00:00+00:00,103707.84801,106278.834,487.0925549223756,2.36,0 days 03:00:00,Closed
2025-01-03 11:00:00+00:00,2025-01-03 17:00:00+00:00,96536.774265,97819.27589500001,255.40145918456412,1.21,0 days 06:00:00,Closed
2025-01-16 11:00:00+00:00,2025-01-16 14:00:00+00:00,99263.86712999998,99034.50797500001,-75.1068797771713,-0.35,0 days 03:00:00,Closed
2025-01-16 16:00:00+00:00,2025-01-17 01:00:00+00:00,99345.81808499999,100070.51971000001,129.8933804414165,0.61,0 days 09:00:00,Closed
2025-01-18 07:00:00+00:00,2025-01-18 16:00:00+00:00,103492.11019499999,104516.67552000002,186.5515722463519,0.87,0 days 09:00:00,Closed
2025-01-20 06:00:00+00:00,2025-01-20 09:00:00+00:00,102395.3721,108265.84000000001,1214.160565125383,5.61,0 days 03:00:00,Closed
2025-01-31 11:00:00+00:00,2025-01-31 16:00:00+00:00,104336.24205,105411.26800000001,207.9403764962593,0.91,0 days 05:00:00,Closed
2025-02-11 01:00:00+00:00,2025-02-11 02:00:00+00:00,97832.01155999998,97945.24288,-0.9984655427115943,-0.0,0 days 01:00:00,Closed
2025-03-03 08:00:00+00:00,2025-03-03 14:00:00+00:00,92409.76178999999,93540.02659000001,254.2522496506553,1.1,0 days 06:00:00,Closed
2025-03-03 16:00:00+00:00,2025-03-03 18:00:00+00:00,90080.39769,90254.859995,17.152430694694804,0.07,0 days 02:00:00,Closed
2025-03-03 20:00:00+00:00,2025-03-04 01:00:00+00:00,85648.81300499999,86003.406785,68.55034724436833,0.29,0 days 05:00:00,Closed
2025-03-04 03:00:00+00:00,2025-03-04 18:00:00+00:00,83978.378205,85401.15806000002,368.1922518892583,1.57,0 days 15:00:00,Closed
2025-03-06 22:00:00+00:00,2025-03-07 00:00:00+00:00,89984.159595,89886.91406000001,-54.20113244347083,-0.23,0 days 02:00:00,Closed
2025-03-07 02:00:00+00:00,2025-03-07 11:00:00+00:00,88307.97192,89218.77829500001,216.0163418219608,0.91,0 days 09:00:00,Closed
2025-03-16 16:00:00+00:00,2025-03-16 21:00:00+00:00,83362.490415,83175.38150500001,-82.40773219730242,-0.34,0 days 05:00:00,Closed
2025-03-16 23:00:00+00:00,2025-03-17 09:00:00+00:00,82134.76686,83505.38642000001,369.15675650858736,1.55,0 days 10:00:00,Closed
2025-03-21 02:00:00+00:00,2025-03-21 03:00:00+00:00,84817.45753500001,84643.047305,-78.8384595099254,-0.33,0 days 01:00:00,Closed
2025-03-25 10:00:00+00:00,2025-03-25 14:00:00+00:00,87265.26082499999,87550.61279500001,49.92389851761344,0.21,0 days 04:00:00,Closed
2025-03-27 02:00:00+00:00,2025-03-27 03:00:00+00:00,87422.56944,87531.59231,1.1208077793128677,0.0,0 days 01:00:00,Closed
2025-04-02 09:00:00+00:00,2025-04-02 15:00:00+00:00,84719.37851999998,85834.80113,289.29778549045477,1.2,0 days 06:00:00,Closed
2025-04-10 10:00:00+00:00,2025-04-10 15:00:00+00:00,82077.73836,81231.55390500001,-281.62040500153677,-1.15,0 days 05:00:00,Closed
2025-04-10 17:00:00+00:00,2025-04-11 02:00:00+00:00,79493.556915,80412.48364500001,250.5396725996497,1.04,0 days 09:00:00,Closed
2025-04-12 05:00:00+00:00,2025-04-12 13:00:00+00:00,83249.64401999999,83787.94507,128.66412149626083,0.53,0 days 08:00:00,Closed
2025-04-13 09:00:00+00:00,2025-04-13 13:00:00+00:00,84706.94230499999,84416.520625,-113.71492416658415,-0.46,0 days 04:00:00,Closed
2025-04-13 15:00:00+00:00,2025-04-14 07:00:00+00:00,84135.26660999999,84581.89789500002,100.43814807928659,0.41,0 days 16:00:00,Closed
2025-04-16 14:00:00+00:00,2025-04-16 15:00:00+00:00,83778.22817999999,84562.99735,200.49647053300055,0.82,0 days 01:00:00,Closed
2025-04-19 02:00:00+00:00,2025-04-19 03:00:00+00:00,84586.34203500001,84743.40710000001,16.240356538758412,0.07,0 days 01:00:00,Closed
2025-04-20 20:00:00+00:00,2025-04-20 21:00:00+00:00,84693.935805,85085.01621,84.62710958400017,0.34,0 days 01:00:00,Closed
2025-04-24 14:00:00+00:00,2025-04-24 16:00:00+00:00,92860.22691,93155.91874000001,49.29529833719277,0.2,0 days 02:00:00,Closed
2025-04-26 22:00:00+00:00,2025-04-26 23:00:00+00:00,94402.56769499999,94734.46907,57.64877060506553,0.23,0 days 01:00:00,Closed
2025-04-27 18:00:00+00:00,2025-04-27 23:00:00+00:00,94090.81189499999,93892.60021500001,-82.54709396561708,-0.33,0 days 05:00:00,Closed
2025-04-28 01:00:00+00:00,2025-04-28 06:00:00+00:00,93466.60994999998,94177.16786,159.24774787823756,0.64,0 days 05:00:00,Closed
2025-04-28 08:00:00+00:00,2025-04-28 10:00:00+00:00,94739.836245,94691.70046500002,-42.78079480737111,-0.17,0 days 02:00:00,Closed
2025-05-07 21:00:00+00:00,2025-05-08 03:00:00+00:00,96815.1834,98632.64900500001,439.16838000442954,1.76,0 days 06:00:00,Closed
2025-05-13 09:00:00+00:00,2025-05-13 11:00:00+00:00,102773.36099999999,103505.94114000001,150.742054113237,0.59,0 days 02:00:00,Closed
2025-05-18 05:00:00+00:00,2025-05-18 06:00:00+00:00,103406.687505,103596.3759,16.210577344476718,0.06,0 days 01:00:00,Closed
2025-05-19 14:00:00+00:00,2025-05-19 16:00:00+00:00,103345.757055,104734.02679,313.130572536134,1.22,0 days 02:00:00,Closed
2025-05-20 17:00:00+00:00,2025-05-20 18:00:00+00:00,105265.096245,106147.21984000002,186.0223568341012,0.72,0 days 01:00:00,Closed
2025-05-26 19:00:00+00:00,2025-05-27 02:00:00+00:00,109156.51098,108331.12734,-228.66454074894,-0.88,0 days 07:00:00,Closed
2025-05-27 04:00:00+00:00,2025-05-27 12:00:00+00:00,108946.596075,109530.697255,107.62867714607353,0.42,0 days 08:00:00,Closed
2025-06-09 08:00:00+00:00,2025-06-09 10:00:00+00:00,105613.490355,106559.223735,201.415236072527,0.77,0 days 02:00:00,Closed
2025-06-10 10:00:00+00:00,2025-06-11 01:00:00+00:00,109563.53438999999,109770.63722500001,18.049914044202925,0.07,0 days 15:00:00,Closed
2025-06-11 12:00:00+00:00,2025-06-11 17:00:00+00:00,109306.72605,109384.66031,-12.776202736810449,-0.05,0 days 05:00:00,Closed
2025-06-11 19:00:00+00:00,2025-06-12 03:00:00+00:00,108861.65362499999,108346.31974,-155.38040392347025,-0.59,0 days 08:00:00,Closed
2025-06-12 05:00:00+00:00,2025-06-12 11:00:00+00:00,107819.012565,107269.49842,-163.90183516613263,-0.63,0 days 06:00:00,Closed
2025-06-12 13:00:00+00:00,2025-06-12 20:00:00+00:00,107042.044275,106736.4051,-104.90290676229782,-0.41,0 days 07:00:00,Closed
2025-06-12 22:00:00+00:00,2025-06-13 00:00:00+00:00,105947.26716,105618.90413000001,-110.76270112827301,-0.43,0 days 02:00:00,Closed
2025-06-13 02:00:00+00:00,2025-06-13 11:00:00+00:00,103825.53682499999,104821.56300000001,215.25186792952928,0.84,0 days 09:00:00,Closed
2025-06-26 15:00:00+00:00,2025-06-28 04:00:00+00:00,107490.3183,107246.47993500001,-89.72352603109688,-0.35,1 days 13:00:00,Closed
2025-06-29 23:00:00+00:00,2025-06-30 01:00:00+00:00,108133.949955,108659.4431,94.30289186668132,0.37,0 days 02:00:00,Closed
2025-07-08 10:00:00+00:00,2025-07-08 12:00:00+00:00,108524.224995,108701.991815,11.312335759888247,0.04,0 days 02:00:00,Closed
2025-07-13 02:00:00+00:00,2025-07-13 07:00:00+00:00,117612.14668499999,117829.565745,16.76664848607511,0.06,0 days 05:00:00,Closed
2025-07-14 20:00:00+00:00,2025-07-15 01:00:00+00:00,119999.38970999999,119438.181035,-152.20089896448223,-0.59,0 days 05:00:00,Closed
2025-07-15 03:00:00+00:00,2025-07-15 14:00:00+00:00,118310.16551999998,118029.08593500001,-92.07204136582637,-0.36,0 days 11:00:00,Closed
2025-07-17 09:00:00+00:00,2025-07-17 19:00:00+00:00,118390.09546499999,119520.21,214.0617778521633,0.83,0 days 10:00:00,Closed
2025-07-21 06:00:00+00:00,2025-07-21 07:00:00+00:00,118489.43510999999,119109.67537,104.33698199198344,0.4,0 days 01:00:00,Closed
2025-07-29 03:00:00+00:00,2025-07-29 04:00:00+00:00,118154.63779499999,118705.46757500002,89.88657201657536,0.35,0 days 01:00:00,Closed
2025-08-07 10:00:00+00:00,2025-08-07 11:00:00+00:00,115119.721095,116289.056385,233.40988107756934,0.9,0 days 01:00:00,Closed
2025-08-08 07:00:00+00:00,2025-08-09 10:00:00+00:00,116798.38000499998,117452.12456000001,115.59474820606255,0.44,1 days 03:00:00,Closed
2025-08-10 01:00:00+00:00,2025-08-10 03:00:00+00:00,116807.83473,117259.33100500001,70.36596023456848,0.27,0 days 02:00:00,Closed
2025-08-12 13:00:00+00:00,2025-08-12 16:00:00+00:00,119324.29233,119873.0335,89.97364331564596,0.34,0 days 03:00:00,Closed
2025-08-23 05:00:00+00:00,2025-08-23 13:00:00+00:00,115984.733385,115155.99320000001,-221.73697105657007,-0.83,0 days 08:00:00,Closed
2025-08-23 15:00:00+00:00,2025-08-24 00:00:00+00:00,114678.79074,115380.34097,129.54138942826756,0.49,0 days 09:00:00,Closed
2025-08-28 22:00:00+00:00,2025-08-29 01:00:00+00:00,112081.082535,112144.83953000001,-16.729513873503016,-0.06,0 days 03:00:00,Closed
2025-08-29 03:00:00+00:00,2025-08-29 07:00:00+00:00,111475.68998999998,111223.810275,-91.55526086315793,-0.35,0 days 04:00:00,Closed
2025-08-29 09:00:00+00:00,2025-08-29 14:00:00+00:00,109682.83400999999,109051.58693,-183.41311799626334,-0.7,0 days 05:00:00,Closed
2025-08-29 16:00:00+00:00,2025-08-30 01:00:00+00:00,108440.42311499998,108246.54965,-78.25441891345974,-0.3,0 days 09:00:00,Closed
2025-08-30 03:00:00+00:00,2025-08-30 12:00:00+00:00,107835.90100499999,108625.669995,159.85256077769856,0.61,0 days 09:00:00,Closed
2025-09-02 14:00:00+00:00,2025-09-02 23:00:00+00:00,111205.564995,111204.37000000001,-31.820623404559882,-0.12,0 days 09:00:00,Closed
2025-09-04 22:00:00+00:00,2025-09-05 00:00:00+00:00,110555.26000499999,110675.504565,-2.9665438298169153,-0.01,0 days 02:00:00,Closed
2025-09-05 19:00:00+00:00,2025-09-06 15:00:00+00:00,111254.369385,110752.37611000001,-149.85620383711066,-0.57,0 days 20:00:00,Closed
2025-09-06 17:00:00+00:00,2025-09-07 03:00:00+00:00,110323.123995,110610.90688000001,36.718590021951876,0.14,0 days 10:00:00,Closed
2025-09-09 04:00:00+00:00,2025-09-09 07:00:00+00:00,111763.864005,112966.10869000001,249.59548931892223,0.96,0 days 03:00:00,Closed
2025-09-10 05:00:00+00:00,2025-09-10 08:00:00+00:00,111576.19021499998,112497.373175,186.03423635393415,0.71,0 days 03:00:00,Closed
2025-09-12 12:00:00+00:00,2025-09-12 18:00:00+00:00,114970.906725,115757.25242,149.73021386417707,0.56,0 days 06:00:00,Closed
2025-09-13 07:00:00+00:00,2025-09-14 03:00:00+00:00,115807.875,115795.023525,-35.026287288005065,-0.13,0 days 20:00:00,Closed
2025-09-15 04:00:00+00:00,2025-09-15 06:00:00+00:00,115503.18273,116460.870435,189.09625366071074,0.71,0 days 02:00:00,Closed
2025-09-18 01:00:00+00:00,2025-09-18 03:00:00+00:00,116408.82532499998,116891.98477000001,79.22330290905128,0.29,0 days 02:00:00,Closed
2025-09-30 15:00:00+00:00,2025-09-30 20:00:00+00:00,113651.83751999999,114302.810005,121.94141374683223,0.45,0 days 05:00:00,Closed
2025-10-04 18:00:00+00:00,2025-10-05 02:00:00+00:00,121808.23367999999,122316.521145,80.41965754703887,0.3,0 days 08:00:00,Closed
2025-10-05 22:00:00+00:00,2025-10-06 02:00:00+00:00,122791.36499999999,123973.31233500001,228.637980057988,0.84,0 days 04:00:00,Closed
2025-10-07 12:00:00+00:00,2025-10-07 13:00:00+00:00,124515.596685,124855.54100000001,41.85488078724643,0.15,0 days 01:00:00,Closed
2025-10-07 15:00:00+00:00,2025-10-08 14:00:00+00:00,122786.72267999999,122537.74048,-88.48758451550115,-0.32,0 days 23:00:00,Closed
2025-10-20 19:00:00+00:00,2025-10-21 02:00:00+00:00,110993.38896,109808.24841,-324.5155417774849,-1.19,0 days 07:00:00,Closed
2025-10-21 04:00:00+00:00,2025-10-21 14:00:00+00:00,109113.75961499999,108372.76651,-215.74415316352815,-0.8,0 days 10:00:00,Closed
2025-10-24 18:00:00+00:00,2025-10-25 01:00:00+00:00,110290.33761,110711.226695,70.04343471008922,0.26,0 days 07:00:00,Closed
2025-10-28 09:00:00+00:00,2025-10-28 14:00:00+00:00,114484.443615,115465.148545,197.76789968635939,0.74,0 days 05:00:00,Closed
2025-11-26 17:00:00+00:00,2025-11-26 18:00:00+00:00,87863.93001,89785.8846,559.1749495148944,2.07,0 days 01:00:00,Closed
2025-11-29 16:00:00+00:00,2025-11-29 17:00:00+00:00,91109.03175,90958.52798500001,-78.75086432482152,-0.29,0 days 01:00:00,Closed
2025-12-03 18:00:00+00:00,2025-12-04 03:00:00+00:00,93002.69811,93896.26838000001,231.43369999129538,0.84,0 days 09:00:00,Closed
2025-12-08 21:00:00+00:00,2025-12-09 01:00:00+00:00,90845.31996,90351.52164,-184.2169275862758,-0.66,0 days 04:00:00,Closed
2025-12-09 03:00:00+00:00,2025-12-09 16:00:00+00:00,90113.244105,92661.14625,746.5559231114755,2.71,0 days 13:00:00,Closed
2025-12-10 07:00:00+00:00,2025-12-10 14:00:00+00:00,92746.360005,92047.603175,-247.37413629175128,-0.87,0 days 07:00:00,Closed
2025-12-10 16:00:00+00:00,2025-12-11 01:00:00+00:00,92109.721845,91340.476915,-268.1614493453409,-0.95,0 days 09:00:00,Closed
2025-12-11 03:00:00+00:00,2025-12-11 21:00:00+00:00,90119.02699500001,91747.08351,468.9398968029133,1.69,0 days 18:00:00,Closed
2025-12-19 19:00:00+00:00,2025-12-20 04:00:00+00:00,87199.00771499999,88170.87251,281.17532358086544,0.99,0 days 09:00:00,Closed
2025-12-26 03:00:00+00:00,2025-12-26 07:00:00+00:00,89244.59999999999,89079.67788,-87.05524342904319,-0.3,0 days 04:00:00,Closed
2025-12-29 00:00:00+00:00,2025-12-29 01:00:00+00:00,87996.686355,88251.53216,48.26349611858025,0.17,0 days 01:00:00,Closed
2026-01-03 13:00:00+00:00,2026-01-03 18:00:00+00:00,90084.13956,90048.95300000001,-45.37821427558326,-0.16,0 days 05:00:00,Closed
2026-01-06 07:00:00+00:00,2026-01-06 17:00:00+00:00,93826.90000499999,92645.97384,-392.52544844405986,-1.38,0 days 10:00:00,Closed
2026-01-06 19:00:00+00:00,2026-01-07 18:00:00+00:00,92080.107045,91206.50393500002,-300.1098501590552,-1.07,0 days 23:00:00,Closed
2026-01-07 20:00:00+00:00,2026-01-08 06:00:00+00:00,91231.663035,90784.16521,-169.61284228929105,-0.61,0 days 10:00:00,Closed
2026-01-08 08:00:00+00:00,2026-01-08 17:00:00+00:00,90593.29401,90881.37658,54.6458635923568,0.2,0 days 09:00:00,Closed
2026-01-12 16:00:00+00:00,2026-01-12 19:00:00+00:00,91710.822495,91645.9541,-52.78422014348467,-0.19,0 days 03:00:00,Closed
2026-01-15 08:00:00+00:00,2026-01-15 14:00:00+00:00,96678.785235,96798.31663000002,0.9845208447017306,0.0,0 days 06:00:00,Closed
2026-01-18 17:00:00+00:00,2026-01-18 23:00:00+00:00,95216.934675,95450.85070000001,34.6796709886403,0.13,0 days 06:00:00,Closed
